{"scope.version":"2","timeline.animationMode":"quickMode","viewport.width":380,"viewport.height":2100,"library.openDirectories":[],"library.GroupsPath":{},"library.downloadedAssets":{},"publish.local.location":"{fileRoot}/","publish.local.name":"game_rules","publish.local.flatten":true,"publish.local.minify":true,"publish.local.inlineFiles":true,"publish.local.createZip":false,"publish.local.politeLoad":false,"publish.local.exportMozilla":false,"publish.local.exportWebkit":true,"publish.local.unpackGroups":true,"publish.local.borderColor":"rgba(0,0,0,1)","publish.local.addBorder":false,"design.zoom":1,"":false}