{ "height":4,
 "infinite":false,
 "layers":[
        {
         "data":[41, 43, 45, 47, 49, 51, 53, 169, 55, 0, 0, 0],
         "height":4,
         "id":1,
         "name":"Tile Layer 1",
         "opacity":1,
         "type":"tilelayer",
         "visible":true,
         "width":3,
         "x":0,
         "y":0
        }],
 "nextlayerid":2,
 "nextobjectid":1,
 "orientation":"orthogonal",
 "renderorder":"right-down",
 "tiledversion":"1.2.4",
 "tileheight":32,
 "tilesets":[
        {
         "firstgid":1,
         "source":"..\/..\/..\/..\/..\/..\/..\/Google Drive\/Android\/GameMaps\/MagicTower\/npcs.tsx"
        }, 
        {
         "firstgid":57,
         "source":"..\/..\/..\/..\/..\/..\/..\/Google Drive\/Android\/GameMaps\/MagicTower\/enemies.tsx"
        }],
 "tilewidth":32,
 "type":"map",
 "version":1.2,
 "width":3
}