{ "height":1,
 "infinite":false,
 "layers":[
        {
         "data":[133, 101],
         "height":1,
         "id":1,
         "name":"Tile Layer 1",
         "opacity":1,
         "type":"tilelayer",
         "visible":true,
         "width":2,
         "x":0,
         "y":0
        }],
 "nextlayerid":2,
 "nextobjectid":1,
 "orientation":"orthogonal",
 "renderorder":"right-down",
 "tiledversion":"1.2.4",
 "tileheight":32,
 "tilesets":[
        {
         "firstgid":1,
         "source":"..\/..\/..\/..\/..\/..\/..\/Google Drive\/Android\/GameMaps\/MagicTower\/enemies.tsx"
        }, 
        {
         "firstgid":121,
         "source":"..\/..\/..\/..\/..\/..\/..\/Google Drive\/Android\/GameMaps\/MagicTower\/npcs.tsx"
        }],
 "tilewidth":32,
 "type":"map",
 "version":1.2,
 "width":2
}