{ "height":3,
 "infinite":false,
 "layers":[
        {
         "data":[75, 97, 143, 97, 75, 0, 15, 97, 15, 0, 0, 0, 81, 0, 0],
         "height":3,
         "id":1,
         "name":"Tile Layer 1",
         "opacity":1,
         "type":"tilelayer",
         "visible":true,
         "width":5,
         "x":0,
         "y":0
        }],
 "nextlayerid":2,
 "nextobjectid":1,
 "orientation":"orthogonal",
 "renderorder":"right-down",
 "tiledversion":"1.2.4",
 "tileheight":32,
 "tilesets":[
        {
         "firstgid":1,
         "source":"..\/..\/..\/..\/..\/..\/..\/Google Drive\/Android\/GameMaps\/MagicTower\/enemies.tsx"
        }, 
        {
         "firstgid":121,
         "source":"..\/..\/..\/..\/..\/..\/..\/Google Drive\/Android\/GameMaps\/MagicTower\/npcs.tsx"
        }],
 "tilewidth":32,
 "type":"map",
 "version":1.2,
 "width":5
}