{ "height":12,
 "infinite":false,
 "layers":[
        {
         "id":63,
         "layers":[
                {
                 "data":[286, 286, 286, 286, 286, 286, 286, 286, 286, 286, 286, 286, 286, 286, 286, 286, 44, 44, 44, 44, 44, 44, 44, 44, 44, 44, 44, 44, 286, 286, 286, 44, 21, 21, 21, 21, 21, 44, 21, 21, 25, 21, 44, 286, 286, 286, 44, 21, 21, 21, 21, 21, 44, 21, 21, 21, 21, 44, 286, 286, 286, 44, 44, 27, 44, 44, 44, 44, 44, 44, 27, 44, 44, 286, 286, 286, 44, 21, 21, 44, 21, 21, 26, 21, 21, 21, 21, 44, 286, 286, 286, 44, 21, 24, 44, 26, 44, 44, 44, 44, 27, 44, 44, 286, 286, 286, 44, 21, 21, 26, 21, 21, 44, 21, 21, 21, 21, 44, 286, 286, 286, 44, 21, 21, 44, 21, 21, 44, 21, 21, 21, 21, 44, 286, 286, 286, 44, 44, 44, 44, 44, 44, 44, 44, 44, 44, 44, 44, 286, 286, 286, 286, 286, 286, 286, 286, 286, 286, 286, 286, 286, 286, 286, 286, 286, 286, 286, 286, 286, 286, 286, 286, 286, 286, 286, 286, 286, 286, 286, 286],
                 "height":12,
                 "id":64,
                 "name":"background",
                 "opacity":1,
                 "type":"tilelayer",
                 "visible":true,
                 "width":15,
                 "x":0,
                 "y":0
                }, 
                {
                 "data":[0, 0, 0, 0, 0, 0, 0, 0, 0, 0, 0, 0, 0, 0, 0, 0, 0, 0, 0, 0, 0, 0, 0, 0, 0, 0, 0, 0, 0, 0, 0, 0, 0, 0, 128, 0, 0, 0, 128, 0, 0, 128, 0, 0, 0, 0, 0, 118, 118, 118, 128, 0, 0, 0, 128, 112, 0, 0, 0, 0, 0, 0, 0, 0, 0, 0, 0, 0, 0, 0, 0, 0, 0, 0, 0, 0, 0, 0, 0, 0, 112, 0, 0, 112, 0, 0, 112, 0, 0, 0, 0, 0, 0, 0, 0, 0, 0, 0, 0, 0, 0, 0, 0, 0, 0, 0, 0, 0, 108, 0, 108, 0, 0, 0, 118, 114, 118, 0, 0, 0, 0, 0, 0, 0, 0, 0, 128, 0, 128, 0, 118, 0, 0, 0, 0, 0, 0, 0, 0, 0, 0, 0, 0, 0, 0, 0, 0, 0, 0, 0, 0, 0, 0, 0, 0, 0, 0, 0, 0, 0, 0, 0, 0, 0, 0, 0, 0, 0, 0, 0, 0, 0, 0, 0, 0, 0, 0, 0, 0, 0],
                 "height":12,
                 "id":66,
                 "name":"enemies",
                 "opacity":1,
                 "type":"tilelayer",
                 "visible":true,
                 "width":15,
                 "x":0,
                 "y":0
                }, 
                {
                 "data":[0, 0, 0, 0, 0, 0, 0, 0, 0, 0, 0, 0, 0, 0, 0, 0, 0, 0, 0, 0, 0, 0, 0, 0, 0, 0, 0, 0, 0, 0, 0, 0, 235, 227, 0, 226, 235, 0, 0, 235, 0, 0, 0, 0, 0, 0, 0, 0, 0, 0, 0, 226, 0, 235, 0, 0, 238, 0, 0, 0, 0, 0, 0, 0, 0, 0, 0, 0, 0, 0, 0, 0, 0, 0, 0, 0, 0, 227, 239, 0, 0, 238, 0, 0, 223, 223, 0, 0, 0, 0, 0, 0, 226, 0, 0, 0, 0, 0, 0, 0, 0, 0, 0, 0, 0, 0, 0, 238, 0, 0, 0, 238, 0, 239, 0, 0, 0, 0, 0, 0, 0, 0, 227, 239, 0, 227, 0, 0, 0, 238, 0, 227, 0, 0, 0, 0, 0, 0, 0, 0, 0, 0, 0, 0, 0, 0, 0, 0, 0, 0, 0, 0, 0, 0, 0, 0, 0, 0, 0, 0, 0, 0, 0, 0, 0, 0, 0, 0, 0, 0, 0, 0, 0, 0, 0, 0, 0, 0, 0, 0],
                 "height":12,
                 "id":67,
                 "name":"treasures",
                 "opacity":1,
                 "type":"tilelayer",
                 "visible":true,
                 "width":15,
                 "x":0,
                 "y":0
                }],
         "name":"Floor 14",
         "opacity":1,
         "type":"group",
         "visible":false,
         "x":0,
         "y":0
        }, 
        {
         "id":58,
         "layers":[
                {
                 "data":[346, 346, 346, 346, 346, 346, 346, 346, 346, 346, 346, 346, 346, 346, 346, 13, 13, 13, 13, 13, 13, 13, 13, 13, 13, 13, 13, 346, 346, 346, 13, 1, 1, 1, 1, 1, 13, 1, 1, 13, 1, 13, 346, 346, 346, 13, 1, 1, 1, 1, 1, 26, 1, 1, 26, 1, 13, 346, 346, 346, 13, 13, 13, 26, 13, 13, 13, 1, 24, 13, 27, 13, 346, 346, 346, 13, 1, 13, 1, 1, 1, 13, 13, 13, 1, 1, 13, 346, 346, 346, 13, 1, 13, 25, 1, 1, 26, 1, 13, 27, 13, 13, 346, 346, 346, 13, 1, 13, 13, 13, 13, 13, 27, 13, 1, 1, 13, 346, 346, 346, 13, 1, 27, 1, 1, 26, 1, 1, 13, 1, 1, 13, 346, 346, 346, 13, 13, 13, 13, 13, 13, 13, 13, 13, 13, 13, 13, 346, 346, 346, 346, 346, 346, 346, 346, 346, 346, 346, 346, 346, 346, 346, 346, 346, 346, 346, 346, 346, 346, 346, 346, 346, 346, 346, 346, 346, 346, 346, 346, 346],
                 "height":12,
                 "id":59,
                 "name":"background",
                 "opacity":1,
                 "type":"tilelayer",
                 "visible":true,
                 "width":15,
                 "x":0,
                 "y":0
                }, 
                {
                 "data":[0, 0, 0, 0, 0, 0, 0, 0, 0, 0, 0, 0, 0, 0, 0, 0, 0, 0, 0, 0, 0, 0, 0, 0, 0, 0, 0, 0, 0, 0, 0, 50, 0, 0, 0, 0, 0, 0, 0, 0, 46, 0, 0, 0, 0, 0, 0, 0, 0, 0, 0, 0, 0, 0, 0, 0, 0, 0, 0, 0, 0, 0, 0, 0, 0, 0, 0, 0, 0, 0, 0, 0, 0, 0, 0, 0, 48, 0, 0, 0, 0, 0, 0, 0, 0, 0, 0, 0, 0, 0, 0, 0, 0, 0, 0, 0, 0, 0, 0, 0, 0, 0, 0, 0, 0, 0, 0, 0, 0, 0, 0, 0, 0, 0, 0, 0, 0, 0, 0, 0, 0, 0, 0, 0, 0, 0, 0, 0, 0, 0, 0, 0, 0, 0, 0, 0, 0, 0, 0, 0, 0, 0, 0, 0, 0, 0, 0, 0, 0, 0, 0, 0, 0, 0, 0, 0, 0, 0, 0, 0, 0, 0, 0, 0, 0, 0, 0, 0, 0, 0, 0, 0, 0, 0, 0, 0, 0, 0, 0, 0],
                 "height":12,
                 "id":60,
                 "name":"npcs",
                 "opacity":1,
                 "type":"tilelayer",
                 "visible":true,
                 "width":15,
                 "x":0,
                 "y":0
                }, 
                {
                 "data":[0, 0, 0, 0, 0, 0, 0, 0, 0, 0, 0, 0, 0, 0, 0, 0, 0, 0, 0, 0, 0, 0, 0, 0, 0, 0, 0, 0, 0, 0, 0, 0, 0, 0, 0, 0, 0, 0, 0, 0, 0, 0, 0, 0, 0, 0, 0, 136, 114, 136, 0, 0, 118, 0, 0, 0, 0, 0, 0, 0, 0, 0, 0, 0, 0, 0, 0, 0, 0, 0, 0, 0, 0, 0, 0, 0, 0, 0, 0, 114, 122, 0, 0, 0, 0, 118, 0, 0, 0, 0, 0, 108, 0, 0, 0, 114, 0, 130, 0, 0, 0, 0, 0, 0, 0, 0, 114, 0, 0, 0, 0, 0, 0, 0, 122, 122, 0, 0, 0, 0, 0, 0, 0, 128, 128, 0, 0, 136, 0, 0, 0, 0, 0, 0, 0, 0, 0, 0, 0, 0, 0, 0, 0, 0, 0, 0, 0, 0, 0, 0, 0, 0, 0, 0, 0, 0, 0, 0, 0, 0, 0, 0, 0, 0, 0, 0, 0, 0, 0, 0, 0, 0, 0, 0, 0, 0, 0, 0, 0, 0],
                 "height":12,
                 "id":61,
                 "name":"enemies",
                 "opacity":1,
                 "type":"tilelayer",
                 "visible":true,
                 "width":15,
                 "x":0,
                 "y":0
                }, 
                {
                 "data":[0, 0, 0, 0, 0, 0, 0, 0, 0, 0, 0, 0, 0, 0, 0, 0, 0, 0, 0, 0, 0, 0, 0, 0, 0, 0, 0, 0, 0, 0, 0, 0, 238, 227, 235, 223, 0, 227, 239, 0, 0, 0, 0, 0, 0, 0, 238, 0, 0, 0, 235, 0, 0, 227, 0, 223, 0, 0, 0, 0, 0, 0, 0, 0, 0, 0, 0, 238, 0, 0, 0, 0, 0, 0, 0, 0, 0, 0, 223, 0, 0, 0, 0, 0, 235, 0, 0, 0, 0, 0, 0, 0, 0, 0, 235, 0, 0, 0, 0, 0, 0, 0, 0, 0, 0, 0, 0, 0, 0, 0, 0, 0, 0, 0, 0, 0, 0, 0, 0, 0, 0, 238, 0, 0, 0, 0, 235, 0, 0, 239, 239, 0, 0, 0, 0, 0, 0, 0, 0, 0, 0, 0, 0, 0, 0, 0, 0, 0, 0, 0, 0, 0, 0, 0, 0, 0, 0, 0, 0, 0, 0, 0, 0, 0, 0, 0, 0, 0, 0, 0, 0, 0, 0, 0, 0, 0, 0, 0, 0, 0],
                 "height":12,
                 "id":62,
                 "name":"treasures",
                 "opacity":1,
                 "type":"tilelayer",
                 "visible":true,
                 "width":15,
                 "x":0,
                 "y":0
                }],
         "name":"Floor 13",
         "opacity":1,
         "type":"group",
         "visible":false,
         "x":0,
         "y":0
        }, 
        {
         "id":53,
         "layers":[
                {
                 "data":[2, 14, 14, 14, 14, 14, 14, 14, 14, 14, 14, 14, 14, 14, 14, 2, 14, 24, 26, 9, 27, 9, 14, 9, 9, 9, 9, 9, 9, 14, 2, 14, 14, 14, 14, 14, 9, 9, 9, 9, 9, 9, 9, 9, 14, 2, 2, 14, 9, 9, 9, 9, 14, 14, 14, 26, 14, 14, 14, 14, 2, 2, 14, 9, 9, 9, 9, 14, 25, 14, 9, 14, 9, 9, 14, 2, 2, 14, 9, 9, 9, 27, 14, 9, 14, 27, 9, 9, 9, 14, 2, 2, 14, 9, 9, 9, 24, 14, 9, 9, 9, 14, 9, 9, 14, 2, 2, 14, 14, 14, 14, 14, 14, 14, 14, 27, 14, 14, 14, 14, 2, 2, 2, 2, 2, 2, 2, 14, 9, 9, 9, 9, 14, 2, 2, 2, 2, 2, 2, 2, 2, 2, 14, 9, 9, 9, 9, 14, 2, 2, 2, 2, 2, 2, 2, 2, 2, 14, 14, 14, 14, 14, 14, 2, 2, 2, 2, 2, 2, 2, 2, 2, 2, 2, 2, 2, 2, 2, 2, 2],
                 "height":12,
                 "id":54,
                 "name":"background",
                 "opacity":1,
                 "type":"tilelayer",
                 "visible":true,
                 "width":15,
                 "x":0,
                 "y":0
                }, 
                {
                 "data":[0, 0, 0, 0, 0, 0, 0, 0, 0, 0, 0, 0, 0, 0, 0, 0, 0, 0, 0, 0, 0, 0, 0, 108, 0, 112, 0, 112, 0, 0, 0, 0, 0, 0, 0, 0, 0, 108, 0, 108, 0, 112, 0, 112, 0, 0, 0, 0, 164, 0, 152, 0, 0, 0, 0, 0, 0, 0, 0, 0, 0, 0, 0, 0, 156, 0, 108, 0, 0, 0, 140, 0, 114, 0, 0, 0, 0, 0, 154, 0, 164, 0, 0, 114, 0, 0, 114, 0, 114, 0, 0, 0, 0, 0, 0, 0, 0, 0, 112, 122, 140, 0, 114, 0, 0, 0, 0, 0, 0, 0, 0, 0, 0, 0, 0, 0, 0, 0, 0, 0, 0, 0, 0, 0, 0, 0, 0, 0, 126, 0, 122, 0, 0, 0, 0, 0, 0, 0, 0, 0, 0, 0, 0, 0, 122, 0, 126, 0, 0, 0, 0, 0, 0, 0, 0, 0, 0, 0, 0, 0, 0, 0, 0, 0, 0, 0, 0, 0, 0, 0, 0, 0, 0, 0, 0, 0, 0, 0, 0, 0],
                 "height":12,
                 "id":56,
                 "name":"enemies",
                 "opacity":1,
                 "type":"tilelayer",
                 "visible":true,
                 "width":15,
                 "x":0,
                 "y":0
                }, 
                {
                 "data":[0, 0, 0, 0, 0, 0, 0, 0, 0, 0, 0, 0, 0, 0, 0, 0, 0, 0, 0, 235, 0, 226, 0, 0, 239, 0, 227, 0, 0, 0, 0, 0, 0, 0, 0, 0, 226, 0, 239, 0, 227, 0, 227, 0, 0, 0, 0, 0, 0, 0, 0, 226, 0, 0, 0, 0, 0, 0, 0, 0, 0, 0, 0, 238, 0, 0, 0, 0, 0, 0, 0, 0, 0, 227, 0, 0, 0, 0, 0, 238, 0, 0, 0, 0, 0, 0, 0, 235, 0, 0, 0, 0, 0, 235, 223, 238, 0, 0, 0, 0, 0, 0, 0, 235, 0, 0, 0, 0, 0, 0, 0, 0, 0, 0, 0, 0, 0, 0, 0, 0, 0, 0, 0, 0, 0, 0, 0, 0, 0, 223, 0, 235, 0, 0, 0, 0, 0, 0, 0, 0, 0, 0, 0, 223, 0, 223, 0, 0, 0, 0, 0, 0, 0, 0, 0, 0, 0, 0, 0, 0, 0, 0, 0, 0, 0, 0, 0, 0, 0, 0, 0, 0, 0, 0, 0, 0, 0, 0, 0, 0],
                 "height":12,
                 "id":57,
                 "name":"treasures",
                 "opacity":1,
                 "type":"tilelayer",
                 "visible":true,
                 "width":15,
                 "x":0,
                 "y":0
                }],
         "name":"Floor 12",
         "opacity":1,
         "type":"group",
         "visible":false,
         "x":0,
         "y":0
        }, 
        {
         "id":48,
         "layers":[
                {
                 "data":[15, 15, 15, 15, 15, 15, 15, 15, 15, 15, 15, 15, 15, 15, 15, 15, 4, 25, 4, 4, 15, 4, 4, 4, 15, 4, 4, 4, 24, 15, 15, 4, 4, 4, 4, 27, 4, 4, 4, 15, 4, 4, 4, 4, 15, 15, 15, 26, 15, 15, 15, 15, 15, 15, 15, 15, 26, 15, 15, 15, 15, 4, 4, 4, 15, 4, 4, 4, 4, 15, 4, 4, 4, 4, 15, 15, 4, 4, 4, 26, 4, 4, 4, 4, 26, 4, 4, 4, 4, 15, 15, 4, 4, 4, 15, 4, 25, 4, 4, 15, 4, 4, 4, 4, 15, 15, 15, 27, 15, 15, 15, 15, 15, 15, 15, 15, 15, 15, 15, 15, 15, 4, 4, 4, 15, 4, 4, 4, 4, 15, 34, 4, 35, 4, 15, 15, 4, 4, 4, 26, 4, 4, 4, 4, 27, 4, 4, 4, 4, 15, 15, 4, 4, 15, 15, 15, 15, 4, 4, 15, 4, 4, 4, 25, 15, 15, 15, 15, 15, 15, 15, 15, 15, 15, 15, 15, 15, 15, 15, 15],
                 "height":12,
                 "id":49,
                 "name":"background",
                 "opacity":1,
                 "type":"tilelayer",
                 "visible":true,
                 "width":15,
                 "x":0,
                 "y":0
                }, 
                {
                 "data":[0, 0, 0, 0, 0, 0, 0, 0, 0, 0, 0, 0, 0, 0, 0, 0, 0, 0, 0, 0, 0, 0, 0, 0, 0, 0, 0, 0, 0, 0, 0, 0, 0, 0, 0, 0, 0, 0, 0, 0, 0, 0, 0, 0, 0, 0, 0, 0, 0, 0, 0, 0, 0, 0, 0, 0, 0, 0, 0, 0, 0, 0, 0, 0, 0, 0, 0, 0, 0, 0, 0, 0, 0, 0, 0, 0, 0, 0, 0, 0, 0, 0, 0, 0, 0, 0, 0, 0, 0, 0, 0, 0, 0, 0, 0, 0, 0, 0, 0, 0, 0, 0, 0, 0, 0, 0, 0, 0, 0, 0, 0, 0, 0, 0, 0, 0, 0, 0, 0, 0, 0, 0, 0, 0, 0, 0, 0, 0, 0, 0, 0, 64, 0, 48, 0, 0, 46, 0, 0, 0, 0, 0, 0, 0, 0, 0, 0, 0, 0, 0, 0, 0, 0, 0, 0, 0, 0, 0, 0, 0, 0, 0, 0, 0, 0, 0, 0, 0, 0, 0, 0, 0, 0, 0, 0, 0, 0, 0, 0, 0],
                 "height":12,
                 "id":50,
                 "name":"npcs",
                 "opacity":1,
                 "type":"tilelayer",
                 "visible":true,
                 "width":15,
                 "x":0,
                 "y":0
                }, 
                {
                 "data":[0, 0, 0, 0, 0, 0, 0, 0, 0, 0, 0, 0, 0, 0, 0, 0, 112, 0, 112, 152, 0, 150, 0, 0, 0, 112, 0, 112, 0, 0, 0, 0, 112, 0, 152, 0, 150, 158, 0, 0, 0, 112, 0, 112, 0, 0, 0, 0, 0, 0, 0, 0, 0, 0, 0, 0, 0, 0, 0, 0, 0, 0, 134, 0, 0, 0, 108, 0, 142, 0, 140, 0, 114, 0, 0, 0, 134, 148, 134, 0, 122, 0, 108, 122, 0, 0, 114, 0, 114, 0, 0, 0, 134, 0, 0, 0, 0, 0, 142, 0, 140, 0, 114, 0, 0, 0, 0, 0, 0, 0, 0, 0, 0, 0, 0, 0, 0, 0, 0, 0, 0, 0, 132, 0, 0, 0, 0, 0, 130, 0, 0, 0, 0, 0, 0, 0, 0, 132, 128, 0, 128, 0, 0, 130, 0, 0, 0, 0, 132, 0, 0, 0, 0, 0, 0, 0, 0, 0, 130, 0, 0, 0, 0, 0, 0, 0, 0, 0, 0, 0, 0, 0, 0, 0, 0, 0, 0, 0, 0, 0],
                 "height":12,
                 "id":51,
                 "name":"enemies",
                 "opacity":1,
                 "type":"tilelayer",
                 "visible":true,
                 "width":15,
                 "x":0,
                 "y":0
                }, 
                {
                 "data":[0, 0, 0, 0, 0, 0, 0, 0, 0, 0, 0, 0, 0, 0, 0, 0, 0, 0, 0, 0, 0, 0, 223, 239, 0, 0, 227, 0, 0, 0, 0, 223, 0, 235, 0, 0, 0, 0, 239, 0, 227, 0, 227, 0, 0, 0, 0, 0, 0, 0, 0, 0, 0, 0, 0, 0, 0, 0, 0, 0, 0, 223, 0, 223, 0, 227, 0, 226, 0, 0, 0, 235, 0, 238, 0, 0, 0, 0, 0, 0, 0, 223, 0, 0, 0, 235, 0, 238, 0, 0, 0, 223, 0, 223, 0, 227, 0, 226, 0, 0, 0, 235, 0, 238, 0, 0, 0, 0, 0, 0, 0, 0, 0, 0, 0, 0, 0, 0, 0, 0, 0, 0, 0, 0, 0, 0, 0, 0, 0, 0, 0, 0, 0, 0, 0, 0, 0, 0, 0, 0, 0, 0, 0, 0, 0, 0, 0, 0, 0, 0, 0, 253, 253, 0, 0, 0, 0, 0, 0, 0, 0, 0, 0, 0, 0, 0, 0, 0, 0, 0, 0, 0, 0, 0, 0, 0, 0, 0, 0, 0],
                 "height":12,
                 "id":52,
                 "name":"treasures",
                 "opacity":1,
                 "type":"tilelayer",
                 "visible":true,
                 "width":15,
                 "x":0,
                 "y":0
                }],
         "name":"Floor 11",
         "opacity":1,
         "type":"group",
         "visible":false,
         "x":0,
         "y":0
        }, 
        {
         "id":43,
         "layers":[
                {
                 "data":[14, 14, 14, 14, 14, 14, 14, 14, 14, 14, 14, 14, 14, 14, 14, 14, 7, 7, 7, 7, 7, 13, 9, 9, 9, 9, 9, 9, 25, 14, 14, 7, 7, 7, 7, 7, 13, 9, 9, 9, 9, 9, 9, 13, 14, 14, 14, 14, 7, 7, 24, 13, 26, 13, 13, 13, 13, 13, 13, 1, 14, 1, 14, 7, 7, 7, 13, 27, 13, 13, 1, 1, 1, 13, 1, 14, 1, 14, 7, 7, 7, 13, 9, 9, 27, 1, 1, 1, 13, 1, 14, 26, 14, 14, 26, 13, 13, 13, 28, 13, 13, 1, 1, 13, 1, 14, 1, 1, 14, 7, 7, 7, 7, 7, 13, 13, 1, 1, 13, 1, 14, 1, 1, 26, 26, 7, 7, 7, 7, 7, 27, 1, 1, 13, 26, 14, 26, 14, 14, 14, 7, 7, 24, 7, 7, 14, 26, 13, 13, 1, 14, 26, 1, 1, 27, 7, 7, 7, 14, 14, 14, 1, 1, 13, 1, 14, 14, 14, 14, 14, 14, 14, 14, 14, 1, 26, 1, 1, 1, 1],
                 "height":12,
                 "id":44,
                 "name":"background",
                 "opacity":1,
                 "type":"tilelayer",
                 "visible":true,
                 "width":15,
                 "x":0,
                 "y":0
                }, 
                {
                 "data":[0, 0, 0, 0, 0, 0, 0, 0, 0, 0, 0, 0, 0, 0, 0, 0, 0, 0, 0, 0, 0, 0, 0, 0, 0, 0, 0, 0, 0, 0, 0, 0, 0, 0, 0, 0, 0, 0, 0, 0, 0, 0, 0, 0, 0, 0, 0, 0, 0, 0, 0, 0, 0, 0, 0, 0, 0, 0, 0, 50, 0, 46, 0, 0, 0, 0, 0, 0, 0, 0, 0, 0, 0, 0, 0, 0, 0, 0, 0, 0, 0, 0, 0, 0, 0, 0, 0, 0, 0, 0, 0, 0, 0, 0, 0, 0, 0, 0, 0, 0, 0, 0, 0, 0, 0, 0, 0, 0, 0, 0, 0, 0, 0, 0, 0, 0, 0, 0, 0, 0, 0, 0, 0, 0, 0, 0, 0, 0, 0, 0, 0, 0, 0, 0, 0, 0, 0, 0, 0, 0, 0, 0, 0, 0, 0, 0, 0, 0, 0, 0, 0, 0, 0, 0, 0, 0, 0, 0, 0, 0, 0, 0, 0, 0, 0, 0, 0, 0, 0, 0, 0, 0, 0, 0, 48, 0, 0, 0, 0, 0],
                 "height":12,
                 "id":45,
                 "name":"npcs",
                 "opacity":1,
                 "type":"tilelayer",
                 "visible":true,
                 "width":15,
                 "x":0,
                 "y":0
                }, 
                {
                 "data":[0, 0, 0, 0, 0, 0, 0, 0, 0, 0, 0, 0, 0, 0, 0, 0, 0, 144, 0, 0, 0, 0, 122, 142, 0, 158, 116, 158, 0, 0, 0, 0, 144, 0, 0, 0, 0, 122, 142, 0, 158, 158, 158, 0, 0, 0, 0, 0, 0, 0, 0, 0, 0, 0, 0, 0, 0, 0, 0, 0, 0, 0, 0, 0, 0, 0, 0, 0, 0, 0, 140, 0, 0, 0, 0, 0, 0, 0, 0, 0, 0, 0, 0, 0, 0, 140, 0, 0, 0, 0, 0, 0, 0, 0, 0, 0, 0, 0, 0, 0, 0, 122, 122, 0, 0, 0, 138, 138, 0, 0, 0, 0, 0, 0, 0, 0, 0, 0, 0, 0, 0, 0, 0, 0, 0, 0, 0, 0, 0, 0, 0, 118, 118, 0, 0, 0, 0, 0, 0, 0, 0, 0, 0, 0, 0, 0, 0, 0, 0, 0, 0, 0, 0, 0, 0, 0, 0, 0, 0, 0, 0, 0, 0, 0, 0, 0, 0, 0, 0, 0, 0, 0, 0, 0, 0, 0, 0, 0, 118, 0],
                 "height":12,
                 "id":46,
                 "name":"enemies",
                 "opacity":1,
                 "type":"tilelayer",
                 "visible":true,
                 "width":15,
                 "x":0,
                 "y":0
                }, 
                {
                 "data":[0, 0, 0, 0, 0, 0, 0, 0, 0, 0, 0, 0, 0, 0, 0, 0, 235, 0, 0, 238, 238, 0, 0, 0, 0, 0, 0, 0, 0, 0, 0, 235, 0, 0, 238, 238, 0, 0, 0, 0, 0, 0, 0, 0, 0, 0, 0, 0, 0, 235, 0, 0, 0, 0, 0, 0, 0, 0, 0, 0, 0, 0, 0, 239, 235, 235, 0, 0, 0, 0, 0, 235, 235, 0, 0, 0, 0, 0, 0, 0, 0, 0, 0, 0, 0, 0, 227, 227, 0, 0, 0, 0, 0, 0, 0, 0, 0, 0, 0, 0, 0, 0, 0, 0, 0, 0, 0, 0, 0, 0, 0, 0, 0, 0, 0, 0, 227, 227, 0, 0, 0, 239, 239, 0, 0, 0, 0, 0, 0, 0, 0, 0, 0, 0, 0, 0, 0, 0, 0, 0, 0, 0, 0, 0, 0, 0, 0, 0, 0, 0, 0, 0, 0, 0, 0, 0, 0, 0, 0, 0, 0, 223, 223, 0, 0, 0, 0, 0, 0, 0, 0, 0, 0, 0, 0, 0, 223, 223, 0, 0],
                 "height":12,
                 "id":47,
                 "name":"treasures",
                 "opacity":1,
                 "type":"tilelayer",
                 "visible":true,
                 "width":15,
                 "x":0,
                 "y":0
                }],
         "name":"Floor 10",
         "opacity":1,
         "type":"group",
         "visible":false,
         "x":0,
         "y":0
        }, 
        {
         "id":39,
         "layers":[
                {
                 "data":[3, 3, 3, 3, 3, 3, 3, 3, 3, 3, 3, 3, 3, 3, 3, 3, 6, 6, 6, 6, 6, 6, 6, 6, 3, 3, 3, 3, 3, 3, 3, 6, 4, 4, 4, 26, 4, 4, 6, 3, 3, 3, 3, 3, 3, 3, 6, 27, 6, 6, 25, 6, 26, 6, 6, 6, 3, 3, 3, 3, 3, 6, 4, 4, 6, 6, 6, 4, 4, 4, 6, 3, 3, 3, 3, 3, 6, 4, 24, 6, 4, 26, 4, 4, 4, 6, 3, 3, 3, 3, 3, 6, 6, 6, 6, 27, 6, 4, 4, 6, 6, 3, 3, 3, 3, 3, 6, 4, 4, 4, 4, 6, 6, 6, 6, 3, 3, 3, 3, 3, 3, 6, 4, 4, 4, 4, 4, 4, 6, 6, 3, 3, 3, 3, 3, 3, 6, 6, 6, 6, 4, 4, 25, 4, 6, 3, 3, 3, 3, 3, 3, 3, 3, 3, 6, 6, 6, 6, 6, 6, 3, 3, 3, 3, 3, 3, 3, 3, 3, 3, 3, 3, 3, 3, 3, 3, 3, 3, 3, 3],
                 "height":12,
                 "id":40,
                 "name":"background",
                 "opacity":1,
                 "type":"tilelayer",
                 "visible":true,
                 "width":15,
                 "x":0,
                 "y":0
                }, 
                {
                 "data":[0, 0, 0, 0, 0, 0, 0, 0, 0, 0, 0, 0, 0, 0, 0, 0, 0, 0, 0, 0, 0, 0, 0, 0, 0, 0, 0, 0, 0, 0, 0, 0, 128, 128, 0, 0, 0, 0, 0, 0, 0, 0, 0, 0, 0, 0, 0, 0, 0, 0, 0, 0, 0, 0, 0, 0, 0, 0, 0, 0, 0, 0, 0, 0, 0, 0, 0, 148, 148, 0, 0, 0, 0, 0, 0, 0, 0, 0, 0, 0, 0, 0, 141, 150, 0, 0, 0, 0, 0, 0, 0, 0, 0, 0, 0, 0, 0, 0, 0, 0, 0, 0, 0, 0, 0, 0, 0, 0, 141, 141, 0, 0, 0, 0, 0, 0, 0, 0, 0, 0, 0, 0, 0, 141, 141, 0, 0, 0, 0, 0, 0, 0, 0, 0, 0, 0, 0, 0, 0, 0, 0, 0, 0, 0, 0, 0, 0, 0, 0, 0, 0, 0, 0, 0, 0, 0, 0, 0, 0, 0, 0, 0, 0, 0, 0, 0, 0, 0, 0, 0, 0, 0, 0, 0, 0, 0, 0, 0, 0, 0],
                 "height":12,
                 "id":41,
                 "name":"enemies",
                 "opacity":1,
                 "type":"tilelayer",
                 "visible":true,
                 "width":15,
                 "x":0,
                 "y":0
                }, 
                {
                 "data":[0, 0, 0, 0, 0, 0, 0, 0, 0, 0, 0, 0, 0, 0, 0, 0, 0, 0, 0, 0, 0, 0, 0, 0, 0, 0, 0, 0, 0, 0, 0, 0, 0, 0, 235, 0, 235, 0, 0, 0, 0, 0, 0, 0, 0, 0, 0, 0, 0, 0, 0, 0, 0, 0, 0, 0, 0, 0, 0, 0, 0, 0, 238, 238, 0, 0, 0, 0, 0, 223, 0, 0, 0, 0, 0, 0, 0, 238, 0, 0, 235, 0, 0, 0, 226, 0, 0, 0, 0, 0, 0, 0, 0, 0, 0, 0, 0, 238, 226, 0, 0, 0, 0, 0, 0, 0, 0, 239, 0, 0, 227, 0, 0, 0, 0, 0, 0, 0, 0, 0, 0, 0, 238, 0, 0, 227, 238, 223, 0, 0, 0, 0, 0, 0, 0, 0, 0, 0, 0, 0, 235, 235, 0, 235, 0, 0, 0, 0, 0, 0, 0, 0, 0, 0, 0, 0, 0, 0, 0, 0, 0, 0, 0, 0, 0, 0, 0, 0, 0, 0, 0, 0, 0, 0, 0, 0, 0, 0, 0, 0],
                 "height":12,
                 "id":42,
                 "name":"treasures",
                 "opacity":1,
                 "type":"tilelayer",
                 "visible":true,
                 "width":15,
                 "x":0,
                 "y":0
                }],
         "name":"Floor 9",
         "opacity":1,
         "type":"group",
         "visible":false,
         "x":0,
         "y":0
        }, 
        {
         "id":35,
         "layers":[
                {
                 "data":[12, 12, 12, 12, 12, 12, 12, 12, 12, 12, 12, 12, 290, 290, 290, 12, 9, 9, 26, 9, 26, 9, 9, 24, 9, 9, 12, 290, 290, 290, 12, 9, 9, 16, 26, 16, 16, 9, 9, 9, 9, 12, 290, 290, 290, 12, 26, 16, 16, 9, 9, 16, 16, 16, 26, 16, 12, 290, 290, 290, 24, 9, 16, 9, 9, 9, 16, 9, 26, 9, 9, 12, 290, 290, 290, 12, 16, 16, 25, 9, 9, 16, 27, 16, 9, 9, 12, 290, 290, 290, 12, 9, 9, 9, 9, 9, 16, 24, 16, 16, 26, 12, 290, 290, 290, 12, 9, 9, 9, 9, 9, 16, 9, 26, 9, 9, 12, 290, 290, 290, 12, 9, 9, 9, 9, 9, 27, 9, 12, 12, 12, 12, 290, 290, 290, 12, 12, 12, 12, 12, 12, 12, 12, 12, 290, 290, 290, 290, 290, 290, 290, 290, 290, 290, 290, 290, 290, 290, 290, 290, 290, 290, 290, 290, 290, 290, 290, 290, 290, 290, 290, 290, 290, 290, 290, 290, 290, 290, 290, 290],
                 "height":12,
                 "id":36,
                 "name":"background",
                 "opacity":1,
                 "type":"tilelayer",
                 "visible":true,
                 "width":15,
                 "x":0,
                 "y":0
                }, 
                {
                 "data":[0, 0, 0, 0, 0, 0, 0, 0, 0, 0, 0, 0, 0, 0, 0, 0, 0, 0, 0, 0, 0, 0, 0, 0, 156, 0, 0, 0, 0, 0, 0, 0, 0, 0, 0, 0, 0, 0, 0, 0, 156, 0, 0, 0, 0, 0, 0, 0, 0, 114, 0, 0, 0, 0, 0, 0, 0, 0, 0, 0, 0, 0, 0, 0, 0, 0, 0, 0, 0, 0, 0, 0, 0, 0, 0, 0, 0, 0, 0, 0, 0, 0, 0, 0, 0, 0, 0, 0, 0, 0, 0, 0, 114, 0, 154, 154, 0, 0, 0, 0, 0, 0, 0, 0, 0, 0, 0, 114, 0, 154, 116, 0, 156, 0, 0, 0, 0, 0, 0, 0, 0, 0, 114, 0, 154, 154, 0, 0, 0, 0, 0, 0, 0, 0, 0, 0, 0, 0, 0, 0, 0, 0, 0, 0, 0, 0, 0, 0, 0, 0, 0, 0, 0, 0, 0, 0, 0, 0, 0, 0, 0, 0, 0, 0, 0, 0, 0, 0, 0, 0, 0, 0, 0, 0, 0, 0, 0, 0, 0, 0],
                 "height":12,
                 "id":37,
                 "name":"enemies",
                 "opacity":1,
                 "type":"tilelayer",
                 "visible":true,
                 "width":15,
                 "x":0,
                 "y":0
                }, 
                {
                 "data":[0, 0, 0, 0, 0, 0, 0, 0, 0, 0, 0, 0, 0, 0, 0, 0, 227, 227, 0, 235, 0, 0, 0, 0, 0, 272, 0, 0, 0, 0, 0, 227, 227, 0, 0, 0, 0, 235, 0, 0, 0, 0, 0, 0, 0, 0, 0, 0, 0, 0, 0, 0, 0, 0, 0, 0, 0, 0, 0, 0, 0, 0, 0, 0, 0, 0, 0, 235, 0, 227, 223, 0, 0, 0, 0, 0, 0, 0, 0, 0, 0, 0, 0, 0, 235, 223, 0, 0, 0, 0, 0, 0, 0, 0, 0, 0, 0, 0, 0, 0, 0, 0, 0, 0, 0, 0, 280, 0, 0, 0, 0, 0, 0, 0, 227, 227, 0, 0, 0, 0, 0, 0, 0, 0, 0, 0, 0, 227, 0, 0, 0, 0, 0, 0, 0, 0, 0, 0, 0, 0, 0, 0, 0, 0, 0, 0, 0, 0, 0, 0, 0, 0, 0, 0, 0, 0, 0, 0, 0, 0, 0, 0, 0, 0, 0, 0, 0, 0, 0, 0, 0, 0, 0, 0, 0, 0, 0, 0, 0, 0],
                 "height":12,
                 "id":38,
                 "name":"treasures",
                 "opacity":1,
                 "type":"tilelayer",
                 "visible":true,
                 "width":15,
                 "x":0,
                 "y":0
                }],
         "name":"Floor 8",
         "opacity":1,
         "type":"group",
         "visible":false,
         "x":0,
         "y":0
        }, 
        {
         "id":30,
         "layers":[
                {
                 "data":[14, 14, 14, 14, 14, 14, 14, 14, 14, 14, 14, 14, 14, 14, 14, 14, 8, 8, 8, 8, 8, 8, 8, 25, 8, 8, 8, 8, 8, 14, 14, 30, 23, 23, 8, 8, 8, 8, 8, 8, 8, 8, 8, 8, 14, 5, 5, 5, 23, 23, 8, 8, 8, 8, 8, 8, 8, 8, 8, 14, 25, 5, 5, 5, 23, 23, 23, 23, 23, 23, 8, 8, 8, 8, 14, 5, 5, 5, 5, 5, 5, 5, 5, 5, 23, 8, 8, 8, 8, 14, 5, 5, 5, 5, 5, 5, 5, 25, 23, 23, 8, 8, 8, 8, 14, 14, 14, 14, 14, 5, 5, 5, 5, 23, 23, 23, 8, 8, 8, 14, 5, 5, 5, 14, 5, 5, 5, 5, 5, 5, 23, 23, 23, 8, 14, 5, 5, 5, 31, 5, 5, 5, 5, 5, 5, 5, 5, 23, 23, 14, 5, 5, 5, 14, 5, 5, 5, 5, 5, 5, 5, 5, 5, 5, 14, 24, 5, 5, 14, 5, 5, 5, 5, 5, 5, 5, 5, 24, 5, 14],
                 "height":12,
                 "id":31,
                 "name":"background",
                 "opacity":1,
                 "type":"tilelayer",
                 "visible":true,
                 "width":15,
                 "x":0,
                 "y":0
                }, 
                {
                 "data":[0, 0, 0, 0, 0, 0, 0, 0, 0, 0, 0, 0, 0, 0, 0, 0, 0, 0, 0, 0, 0, 0, 0, 0, 0, 0, 0, 0, 46, 0, 0, 0, 0, 0, 0, 0, 0, 0, 0, 0, 0, 0, 0, 0, 0, 0, 0, 0, 0, 0, 0, 0, 0, 0, 0, 0, 0, 0, 0, 0, 0, 0, 0, 48, 0, 0, 0, 0, 0, 0, 0, 0, 0, 0, 0, 0, 0, 0, 0, 0, 0, 0, 0, 0, 0, 0, 0, 0, 0, 0, 0, 0, 0, 0, 0, 0, 0, 0, 0, 0, 0, 0, 0, 0, 0, 0, 0, 0, 0, 0, 0, 0, 0, 0, 0, 0, 0, 0, 0, 0, 50, 0, 0, 0, 0, 0, 0, 0, 0, 0, 0, 0, 0, 0, 0, 0, 0, 0, 0, 0, 0, 0, 0, 0, 0, 0, 0, 0, 0, 0, 0, 0, 0, 0, 0, 0, 0, 0, 0, 0, 0, 0, 0, 0, 0, 0, 0, 0, 0, 0, 0, 0, 0, 0, 0, 0, 0, 0, 0, 0],
                 "height":12,
                 "id":32,
                 "name":"npcs",
                 "opacity":1,
                 "type":"tilelayer",
                 "visible":true,
                 "width":15,
                 "x":0,
                 "y":0
                }, 
                {
                 "data":[0, 0, 0, 0, 0, 0, 0, 0, 0, 0, 0, 0, 0, 0, 0, 0, 0, 0, 0, 0, 144, 0, 0, 0, 0, 0, 134, 0, 0, 0, 0, 0, 0, 0, 0, 146, 0, 148, 0, 0, 146, 0, 130, 0, 0, 126, 0, 126, 0, 0, 0, 0, 0, 0, 0, 0, 134, 130, 140, 0, 0, 0, 0, 0, 0, 0, 0, 0, 0, 0, 146, 0, 140, 0, 0, 0, 0, 0, 0, 0, 0, 0, 132, 0, 0, 0, 134, 0, 138, 0, 0, 0, 0, 0, 0, 144, 0, 0, 0, 0, 0, 0, 146, 0, 0, 0, 0, 0, 0, 0, 0, 0, 0, 0, 0, 0, 136, 0, 136, 0, 0, 0, 0, 0, 128, 0, 0, 0, 0, 0, 0, 0, 0, 0, 0, 0, 0, 128, 0, 0, 0, 142, 142, 0, 0, 0, 134, 0, 0, 0, 0, 0, 0, 0, 128, 0, 0, 0, 0, 0, 0, 130, 152, 0, 0, 0, 0, 0, 0, 0, 0, 0, 0, 0, 0, 0, 130, 0, 0, 0],
                 "height":12,
                 "id":33,
                 "name":"enemies",
                 "opacity":1,
                 "type":"tilelayer",
                 "visible":true,
                 "width":15,
                 "x":0,
                 "y":0
                }, 
                {
                 "data":[0, 0, 0, 0, 0, 0, 0, 0, 0, 0, 0, 0, 0, 0, 0, 0, 227, 0, 227, 0, 0, 0, 0, 0, 0, 238, 0, 235, 0, 0, 0, 0, 0, 0, 0, 0, 0, 0, 0, 0, 0, 235, 0, 235, 0, 0, 227, 0, 0, 0, 0, 0, 238, 0, 238, 235, 0, 0, 0, 0, 0, 0, 0, 0, 0, 0, 0, 0, 0, 0, 0, 235, 0, 227, 0, 0, 238, 0, 0, 0, 0, 0, 0, 0, 0, 223, 0, 227, 0, 0, 0, 0, 227, 0, 0, 0, 0, 0, 0, 0, 238, 239, 0, 227, 0, 0, 0, 0, 0, 0, 0, 0, 0, 0, 0, 0, 0, 223, 0, 0, 0, 0, 238, 0, 0, 0, 0, 0, 0, 0, 0, 0, 0, 223, 0, 0, 239, 0, 0, 235, 0, 0, 0, 0, 0, 0, 0, 0, 0, 0, 0, 238, 0, 0, 0, 0, 0, 0, 0, 0, 0, 0, 0, 238, 0, 0, 0, 0, 0, 0, 0, 0, 0, 0, 0, 0, 0, 0, 240, 0],
                 "height":12,
                 "id":34,
                 "name":"treasures",
                 "opacity":1,
                 "type":"tilelayer",
                 "visible":true,
                 "width":15,
                 "x":0,
                 "y":0
                }],
         "name":"Floor 7",
         "opacity":1,
         "type":"group",
         "visible":false,
         "x":0,
         "y":0
        }, 
        {
         "id":25,
         "layers":[
                {
                 "data":[1, 1, 1, 1, 1, 1, 1, 26, 1, 1, 1, 1, 1, 1, 1, 1, 14, 14, 14, 14, 14, 14, 14, 14, 14, 14, 14, 14, 14, 1, 14, 14, 1, 1, 1, 1, 1, 14, 14, 14, 34, 1, 35, 14, 1, 1, 14, 1, 24, 1, 1, 1, 14, 14, 1, 1, 1, 1, 14, 1, 1, 14, 1, 1, 1, 1, 1, 1, 14, 1, 1, 1, 1, 14, 14, 26, 14, 1, 1, 1, 1, 1, 1, 14, 1, 1, 1, 1, 24, 14, 1, 14, 1, 1, 14, 14, 14, 1, 14, 27, 14, 14, 27, 14, 14, 1, 14, 1, 1, 14, 1, 14, 14, 14, 1, 14, 1, 1, 14, 1, 14, 14, 14, 27, 14, 1, 1, 1, 14, 14, 14, 1, 1, 14, 1, 1, 1, 14, 1, 1, 1, 1, 1, 1, 1, 1, 1, 1, 14, 1, 1, 1, 14, 1, 1, 1, 1, 1, 1, 1, 1, 1, 1, 14, 1, 25, 1, 14, 14, 14, 14, 14, 14, 14, 14, 14, 14, 25, 14, 1],
                 "height":12,
                 "id":26,
                 "name":"background",
                 "opacity":1,
                 "type":"tilelayer",
                 "visible":true,
                 "width":15,
                 "x":0,
                 "y":0
                }, 
                {
                 "data":[0, 0, 0, 0, 0, 0, 0, 0, 0, 0, 0, 0, 0, 0, 0, 0, 0, 0, 0, 0, 0, 0, 0, 0, 0, 0, 0, 0, 0, 0, 0, 0, 0, 0, 0, 0, 0, 0, 0, 0, 0, 64, 0, 0, 0, 0, 0, 0, 0, 0, 0, 0, 0, 0, 0, 0, 0, 0, 0, 0, 0, 0, 0, 0, 0, 0, 0, 0, 0, 0, 0, 0, 0, 0, 0, 0, 0, 0, 0, 0, 0, 0, 0, 0, 0, 0, 0, 0, 0, 0, 0, 0, 0, 0, 0, 0, 0, 0, 0, 0, 0, 0, 0, 0, 0, 0, 0, 0, 0, 0, 0, 0, 0, 0, 0, 0, 0, 0, 0, 0, 0, 0, 0, 0, 0, 0, 0, 0, 0, 0, 0, 0, 0, 0, 0, 0, 0, 0, 0, 0, 0, 0, 0, 0, 0, 0, 0, 0, 0, 0, 0, 0, 0, 0, 0, 0, 0, 0, 0, 0, 0, 0, 0, 0, 0, 0, 0, 0, 0, 0, 0, 0, 0, 0, 0, 0, 0, 0, 0, 0],
                 "height":12,
                 "id":27,
                 "name":"npcs",
                 "opacity":1,
                 "type":"tilelayer",
                 "visible":true,
                 "width":15,
                 "x":0,
                 "y":0
                }, 
                {
                 "data":[0, 0, 0, 0, 0, 0, 0, 0, 0, 0, 0, 0, 0, 0, 0, 0, 0, 0, 0, 0, 0, 0, 0, 0, 0, 0, 0, 0, 0, 0, 0, 0, 0, 0, 0, 0, 118, 0, 0, 0, 0, 0, 0, 0, 118, 0, 0, 0, 0, 0, 0, 118, 0, 0, 0, 0, 0, 0, 0, 0, 0, 0, 0, 0, 0, 0, 122, 0, 0, 114, 109, 110, 112, 0, 0, 0, 0, 0, 0, 0, 0, 122, 0, 0, 114, 0, 0, 0, 0, 0, 0, 0, 124, 124, 0, 0, 0, 0, 0, 0, 0, 0, 0, 0, 0, 0, 0, 0, 0, 0, 0, 0, 0, 0, 0, 0, 0, 0, 0, 0, 0, 0, 0, 0, 0, 0, 0, 0, 0, 0, 0, 118, 118, 0, 0, 0, 0, 0, 0, 0, 120, 122, 120, 0, 0, 0, 0, 0, 0, 118, 0, 0, 0, 0, 0, 0, 0, 0, 0, 0, 0, 0, 0, 0, 118, 0, 0, 0, 0, 0, 0, 0, 0, 0, 0, 0, 0, 0, 0, 0],
                 "height":12,
                 "id":28,
                 "name":"enemies",
                 "opacity":1,
                 "type":"tilelayer",
                 "visible":true,
                 "width":15,
                 "x":0,
                 "y":0
                }, 
                {
                 "data":[0, 0, 0, 0, 0, 0, 0, 0, 0, 0, 0, 0, 0, 0, 0, 0, 0, 0, 0, 0, 0, 0, 0, 0, 0, 0, 0, 0, 0, 0, 0, 0, 0, 0, 0, 0, 0, 0, 265, 0, 0, 0, 0, 0, 0, 0, 0, 0, 0, 0, 0, 0, 0, 0, 0, 0, 0, 0, 0, 253, 0, 0, 0, 0, 0, 0, 0, 227, 0, 0, 0, 0, 0, 0, 0, 0, 0, 0, 0, 0, 0, 0, 235, 0, 0, 235, 235, 227, 0, 0, 0, 0, 0, 0, 0, 0, 0, 223, 0, 0, 0, 0, 0, 0, 0, 0, 0, 239, 239, 0, 230, 0, 0, 0, 258, 0, 0, 0, 0, 227, 0, 0, 0, 0, 0, 239, 227, 235, 0, 0, 0, 0, 0, 0, 235, 266, 0, 0, 0, 0, 0, 0, 0, 0, 0, 0, 0, 0, 0, 0, 0, 0, 0, 0, 0, 0, 0, 0, 0, 253, 0, 0, 0, 0, 0, 0, 0, 0, 0, 0, 0, 0, 0, 0, 0, 0, 0, 0, 0, 0],
                 "height":12,
                 "id":29,
                 "name":"treasures",
                 "opacity":1,
                 "type":"tilelayer",
                 "visible":true,
                 "width":15,
                 "x":0,
                 "y":0
                }],
         "name":"Floor 6",
         "opacity":1,
         "type":"group",
         "visible":false,
         "x":0,
         "y":0
        }, 
        {
         "id":20,
         "layers":[
                {
                 "data":[286, 286, 286, 13, 13, 13, 13, 13, 13, 24, 13, 13, 13, 13, 286, 286, 286, 13, 13, 9, 9, 9, 9, 9, 9, 9, 9, 9, 13, 286, 286, 286, 13, 13, 13, 13, 9, 9, 9, 9, 9, 9, 9, 13, 286, 13, 13, 13, 25, 13, 13, 9, 9, 9, 9, 9, 9, 9, 13, 286, 13, 9, 9, 9, 9, 13, 9, 9, 9, 13, 13, 13, 13, 13, 13, 13, 9, 9, 9, 9, 13, 26, 13, 13, 13, 9, 9, 9, 25, 13, 13, 9, 9, 9, 9, 27, 9, 27, 9, 9, 9, 9, 9, 9, 13, 13, 9, 9, 13, 13, 13, 13, 13, 9, 9, 9, 9, 9, 9, 13, 13, 9, 9, 13, 298, 298, 298, 13, 13, 9, 9, 9, 9, 13, 13, 13, 9, 9, 13, 298, 298, 298, 298, 13, 13, 13, 13, 13, 13, 298, 13, 13, 13, 298, 298, 298, 298, 298, 298, 298, 298, 298, 298, 298, 298, 298, 298, 298, 298, 298, 298, 298, 298, 298, 298, 298, 298, 298, 298, 298],
                 "height":12,
                 "id":21,
                 "name":"background",
                 "opacity":1,
                 "type":"tilelayer",
                 "visible":true,
                 "width":15,
                 "x":0,
                 "y":0
                }, 
                {
                 "data":[0, 0, 0, 0, 0, 0, 0, 0, 0, 0, 0, 0, 0, 0, 0, 0, 0, 0, 0, 0, 0, 0, 0, 0, 0, 0, 0, 0, 0, 0, 0, 0, 0, 0, 0, 0, 0, 0, 0, 0, 0, 0, 0, 0, 0, 0, 0, 0, 0, 0, 0, 0, 0, 0, 0, 0, 0, 0, 0, 0, 0, 0, 0, 0, 0, 0, 0, 0, 0, 0, 0, 0, 0, 0, 0, 0, 0, 0, 0, 0, 0, 0, 0, 0, 0, 0, 0, 0, 0, 0, 0, 0, 0, 0, 0, 0, 0, 0, 0, 0, 0, 0, 0, 0, 0, 0, 0, 0, 0, 0, 0, 0, 0, 0, 0, 0, 0, 0, 0, 0, 0, 0, 0, 0, 0, 0, 0, 0, 0, 0, 0, 0, 0, 0, 0, 0, 0, 0, 0, 0, 0, 0, 0, 0, 0, 0, 0, 0, 0, 0, 0, 0, 0, 0, 0, 0, 0, 0, 0, 0, 0, 0, 0, 0, 0, 0, 0, 0, 0, 0, 0, 0, 0, 0, 0, 0, 0, 0, 0, 0],
                 "height":12,
                 "id":22,
                 "name":"npcs",
                 "opacity":1,
                 "type":"tilelayer",
                 "visible":true,
                 "width":15,
                 "x":0,
                 "y":0
                }, 
                {
                 "data":[0, 0, 0, 0, 0, 0, 0, 0, 0, 0, 0, 0, 0, 0, 0, 0, 0, 0, 0, 0, 115, 0, 0, 0, 0, 113, 118, 0, 0, 0, 0, 0, 0, 0, 0, 0, 0, 0, 0, 113, 114, 0, 0, 0, 0, 0, 0, 0, 0, 0, 0, 0, 0, 0, 0, 113, 118, 0, 0, 0, 0, 0, 115, 0, 0, 0, 109, 0, 0, 0, 0, 0, 0, 0, 0, 0, 115, 0, 0, 0, 0, 0, 0, 0, 0, 0, 120, 115, 0, 0, 0, 0, 0, 0, 108, 0, 113, 0, 118, 0, 0, 0, 120, 115, 0, 0, 108, 108, 0, 0, 0, 0, 0, 118, 0, 0, 0, 0, 120, 0, 0, 0, 0, 0, 0, 0, 0, 0, 0, 0, 0, 0, 0, 0, 0, 0, 0, 0, 0, 0, 0, 0, 0, 0, 0, 0, 0, 0, 0, 0, 0, 0, 0, 0, 0, 0, 0, 0, 0, 0, 0, 0, 0, 0, 0, 0, 0, 0, 0, 0, 0, 0, 0, 0, 0, 0, 0, 0, 0, 0],
                 "height":12,
                 "id":23,
                 "name":"enemies",
                 "opacity":1,
                 "type":"tilelayer",
                 "visible":true,
                 "width":15,
                 "x":0,
                 "y":0
                }, 
                {
                 "data":[0, 0, 0, 0, 0, 0, 0, 0, 0, 0, 0, 0, 0, 0, 0, 0, 0, 0, 0, 250, 0, 0, 0, 0, 0, 0, 0, 235, 0, 0, 0, 0, 0, 0, 0, 0, 0, 0, 0, 0, 0, 226, 271, 0, 0, 0, 0, 0, 0, 0, 0, 0, 0, 0, 0, 0, 0, 223, 0, 0, 0, 279, 0, 0, 0, 0, 0, 0, 0, 0, 0, 0, 0, 0, 0, 0, 0, 0, 0, 0, 0, 0, 0, 0, 0, 0, 0, 0, 0, 0, 0, 223, 223, 0, 0, 0, 0, 0, 0, 235, 235, 227, 0, 0, 0, 0, 0, 0, 0, 0, 0, 0, 0, 0, 235, 235, 253, 227, 0, 0, 0, 239, 239, 0, 0, 0, 0, 0, 0, 238, 238, 239, 239, 0, 0, 0, 227, 227, 0, 0, 0, 0, 0, 0, 0, 0, 0, 0, 0, 0, 0, 0, 0, 0, 0, 0, 0, 0, 0, 0, 0, 0, 0, 0, 0, 0, 0, 0, 0, 0, 0, 0, 0, 0, 0, 0, 0, 0, 0, 0],
                 "height":12,
                 "id":24,
                 "name":"treasures",
                 "opacity":1,
                 "type":"tilelayer",
                 "visible":true,
                 "width":15,
                 "x":0,
                 "y":0
                }],
         "name":"Floor 5",
         "opacity":1,
         "type":"group",
         "visible":false,
         "x":0,
         "y":0
        }, 
        {
         "id":14,
         "layers":[
                {
                 "data":[0, 362, 23, 14, 14, 14, 14, 14, 14, 25, 23, 362, 0, 0, 0, 0, 362, 23, 4, 4, 24, 4, 4, 14, 26, 23, 362, 0, 0, 0, 0, 362, 23, 4, 4, 4, 4, 4, 14, 4, 23, 362, 0, 0, 0, 0, 362, 23, 4, 4, 4, 4, 4, 14, 4, 23, 362, 0, 0, 0, 0, 362, 23, 26, 14, 14, 14, 14, 14, 4, 23, 362, 0, 0, 0, 0, 362, 23, 4, 14, 4, 4, 4, 14, 27, 23, 362, 0, 0, 0, 0, 362, 23, 4, 14, 4, 24, 4, 27, 4, 23, 362, 0, 0, 0, 0, 362, 23, 26, 14, 14, 14, 14, 14, 4, 23, 362, 0, 0, 0, 0, 362, 23, 4, 4, 4, 4, 4, 26, 4, 23, 362, 0, 0, 0, 0, 362, 23, 23, 23, 23, 23, 23, 23, 23, 23, 362, 0, 0, 0, 0, 362, 362, 362, 362, 362, 362, 362, 362, 362, 362, 362, 0, 0, 0, 0, 0, 0, 0, 0, 0, 0, 0, 0, 0, 0, 0, 0, 0, 0],
                 "height":12,
                 "id":16,
                 "name":"background",
                 "opacity":1,
                 "type":"tilelayer",
                 "visible":true,
                 "width":15,
                 "x":0,
                 "y":0
                }, 
                {
                 "data":[0, 0, 0, 0, 0, 0, 0, 0, 0, 0, 0, 0, 0, 0, 0, 0, 0, 0, 0, 0, 0, 0, 50, 0, 0, 0, 0, 0, 0, 0, 0, 0, 0, 0, 0, 0, 0, 0, 0, 0, 0, 0, 0, 0, 0, 0, 0, 0, 0, 0, 0, 0, 46, 0, 0, 0, 0, 0, 0, 0, 0, 0, 0, 0, 0, 0, 0, 0, 0, 0, 0, 0, 0, 0, 0, 0, 0, 0, 0, 0, 0, 0, 0, 0, 0, 0, 0, 0, 0, 0, 0, 0, 0, 0, 0, 52, 0, 0, 0, 0, 0, 0, 0, 0, 0, 0, 0, 0, 0, 0, 0, 0, 0, 0, 0, 0, 0, 0, 0, 0, 0, 0, 0, 0, 0, 0, 0, 0, 0, 0, 0, 0, 0, 0, 0, 0, 0, 0, 0, 0, 0, 0, 0, 0, 0, 0, 0, 0, 0, 0, 0, 0, 0, 0, 0, 0, 0, 0, 0, 0, 0, 0, 0, 0, 0, 0, 0, 0, 0, 0, 0, 0, 0, 0, 0, 0, 0, 0, 0, 0],
                 "height":12,
                 "id":17,
                 "name":"npcs",
                 "opacity":1,
                 "type":"tilelayer",
                 "visible":true,
                 "width":15,
                 "x":0,
                 "y":0
                }, 
                {
                 "data":[0, 0, 0, 0, 0, 0, 0, 0, 0, 0, 0, 0, 0, 0, 0, 0, 0, 0, 0, 107, 0, 110, 0, 0, 0, 0, 0, 0, 0, 0, 0, 0, 0, 107, 0, 0, 108, 107, 0, 107, 0, 0, 0, 0, 0, 0, 0, 0, 0, 0, 0, 110, 0, 0, 104, 0, 0, 0, 0, 0, 0, 0, 0, 0, 0, 0, 0, 0, 0, 107, 0, 0, 0, 0, 0, 0, 0, 0, 0, 0, 113, 0, 0, 0, 0, 0, 0, 0, 0, 0, 0, 0, 0, 110, 0, 0, 0, 0, 0, 110, 0, 0, 0, 0, 0, 0, 0, 0, 0, 0, 0, 0, 0, 0, 104, 0, 0, 0, 0, 0, 0, 0, 0, 110, 0, 0, 0, 107, 0, 0, 0, 0, 0, 0, 0, 0, 0, 0, 0, 0, 0, 0, 0, 0, 0, 0, 0, 0, 0, 0, 0, 0, 0, 0, 0, 0, 0, 0, 0, 0, 0, 0, 0, 0, 0, 0, 0, 0, 0, 0, 0, 0, 0, 0, 0, 0, 0, 0, 0, 0],
                 "height":12,
                 "id":18,
                 "name":"enemies",
                 "opacity":1,
                 "type":"tilelayer",
                 "visible":true,
                 "width":15,
                 "x":0,
                 "y":0
                }, 
                {
                 "data":[0, 0, 0, 0, 0, 0, 0, 0, 0, 0, 0, 0, 0, 0, 0, 0, 0, 0, 235, 0, 0, 0, 0, 0, 0, 0, 0, 0, 0, 0, 0, 0, 0, 0, 238, 0, 0, 0, 0, 0, 0, 0, 0, 0, 0, 0, 0, 0, 0, 0, 0, 0, 0, 0, 0, 0, 0, 0, 0, 0, 0, 0, 0, 0, 0, 0, 0, 0, 0, 0, 0, 0, 0, 0, 0, 0, 0, 0, 238, 0, 0, 238, 251, 0, 0, 0, 0, 0, 0, 0, 0, 0, 0, 0, 0, 0, 0, 0, 0, 0, 0, 0, 0, 0, 0, 0, 0, 0, 0, 0, 0, 0, 0, 0, 0, 0, 0, 0, 0, 0, 0, 0, 0, 0, 0, 0, 239, 0, 0, 238, 0, 0, 0, 0, 0, 0, 0, 0, 0, 0, 0, 0, 0, 0, 0, 0, 0, 0, 0, 0, 0, 0, 0, 0, 0, 0, 0, 0, 0, 0, 0, 0, 0, 0, 0, 0, 0, 0, 0, 0, 0, 0, 0, 0, 0, 0, 0, 0, 0, 0],
                 "height":12,
                 "id":19,
                 "name":"treasures",
                 "opacity":1,
                 "type":"tilelayer",
                 "visible":true,
                 "width":15,
                 "x":0,
                 "y":0
                }],
         "name":"Floor 4",
         "opacity":1,
         "type":"group",
         "visible":false,
         "x":0,
         "y":0
        }, 
        {
         "id":9,
         "layers":[
                {
                 "data":[13, 13, 13, 13, 13, 13, 13, 13, 13, 13, 13, 13, 13, 13, 13, 13, 24, 1, 1, 13, 25, 1, 1, 1, 1, 13, 1, 1, 24, 13, 13, 1, 1, 1, 13, 1, 1, 1, 1, 1, 13, 1, 1, 1, 13, 13, 1, 1, 1, 13, 1, 1, 13, 13, 27, 13, 1, 1, 1, 13, 13, 13, 26, 13, 13, 13, 13, 13, 1, 1, 27, 1, 1, 1, 13, 13, 1, 1, 1, 1, 1, 1, 1, 1, 1, 13, 1, 1, 1, 13, 13, 1, 1, 1, 1, 1, 25, 1, 1, 1, 13, 13, 13, 13, 13, 13, 13, 13, 13, 13, 1, 1, 1, 1, 1, 13, 32, 1, 33, 13, 13, 13, 13, 13, 13, 13, 28, 13, 13, 13, 13, 1, 1, 1, 13, 13, 1, 1, 1, 1, 1, 1, 1, 1, 1, 1, 1, 1, 1, 13, 13, 1, 1, 1, 1, 1, 1, 24, 1, 1, 1, 1, 1, 1, 13, 13, 13, 13, 13, 13, 13, 13, 13, 13, 13, 13, 13, 13, 13, 13],
                 "height":12,
                 "id":10,
                 "name":"background",
                 "opacity":1,
                 "type":"tilelayer",
                 "visible":true,
                 "width":15,
                 "x":0,
                 "y":0
                }, 
                {
                 "data":[0, 0, 0, 0, 0, 0, 0, 0, 0, 0, 0, 0, 0, 0, 0, 0, 0, 0, 0, 0, 0, 0, 0, 0, 0, 0, 0, 0, 0, 0, 0, 0, 0, 0, 0, 0, 0, 0, 0, 0, 0, 0, 0, 0, 0, 0, 0, 0, 0, 0, 0, 0, 0, 0, 0, 0, 0, 0, 0, 0, 0, 0, 0, 0, 0, 0, 0, 0, 0, 0, 0, 0, 0, 0, 0, 0, 0, 0, 0, 0, 0, 0, 0, 0, 0, 0, 0, 0, 48, 0, 0, 0, 0, 0, 0, 0, 0, 0, 0, 0, 0, 0, 0, 0, 0, 0, 0, 0, 0, 0, 0, 0, 0, 0, 0, 0, 0, 66, 0, 0, 0, 0, 0, 0, 0, 0, 0, 0, 0, 0, 0, 0, 0, 0, 0, 0, 0, 0, 0, 0, 0, 0, 0, 0, 0, 0, 0, 0, 0, 0, 0, 46, 0, 0, 0, 0, 0, 0, 0, 0, 0, 0, 0, 50, 0, 0, 0, 0, 0, 0, 0, 0, 0, 0, 0, 0, 0, 0, 0, 0],
                 "height":12,
                 "id":11,
                 "name":"npcs",
                 "opacity":1,
                 "type":"tilelayer",
                 "visible":true,
                 "width":15,
                 "x":0,
                 "y":0
                }, 
                {
                 "data":[0, 0, 0, 0, 0, 0, 0, 0, 0, 0, 0, 0, 0, 0, 0, 0, 0, 0, 0, 0, 0, 108, 0, 107, 0, 0, 0, 0, 0, 0, 0, 0, 0, 0, 0, 0, 108, 0, 107, 105, 0, 0, 0, 0, 0, 0, 0, 104, 108, 0, 0, 0, 0, 0, 0, 0, 107, 0, 0, 0, 0, 0, 0, 0, 0, 0, 0, 0, 0, 0, 0, 107, 109, 109, 0, 0, 0, 0, 0, 0, 0, 0, 0, 0, 0, 0, 107, 109, 0, 0, 0, 0, 0, 0, 0, 0, 0, 0, 0, 106, 0, 0, 0, 0, 0, 0, 0, 0, 0, 0, 0, 0, 0, 106, 0, 0, 0, 0, 0, 0, 0, 0, 0, 0, 0, 0, 0, 0, 0, 0, 0, 0, 0, 0, 0, 0, 109, 104, 0, 0, 105, 106, 104, 0, 0, 0, 0, 109, 106, 0, 0, 0, 109, 104, 0, 0, 0, 0, 0, 0, 0, 110, 106, 0, 0, 0, 0, 0, 0, 0, 0, 0, 0, 0, 0, 0, 0, 0, 0, 0],
                 "height":12,
                 "id":12,
                 "name":"enemies",
                 "opacity":1,
                 "type":"tilelayer",
                 "visible":true,
                 "width":15,
                 "x":0,
                 "y":0
                }, 
                {
                 "data":[0, 0, 0, 0, 0, 0, 0, 0, 0, 0, 0, 0, 0, 0, 0, 0, 0, 0, 0, 0, 0, 0, 0, 0, 0, 0, 0, 0, 0, 0, 0, 0, 0, 238, 0, 0, 0, 0, 0, 0, 0, 0, 0, 0, 0, 0, 238, 0, 0, 0, 0, 239, 0, 0, 0, 0, 0, 239, 0, 0, 0, 0, 0, 0, 0, 0, 0, 0, 238, 0, 0, 0, 0, 0, 0, 0, 0, 0, 0, 0, 0, 0, 0, 0, 0, 0, 0, 0, 0, 0, 0, 238, 238, 0, 0, 0, 0, 0, 0, 0, 0, 0, 0, 0, 0, 0, 0, 0, 0, 0, 0, 0, 0, 0, 239, 0, 0, 0, 0, 0, 0, 0, 0, 0, 0, 0, 0, 0, 0, 0, 0, 0, 0, 239, 0, 0, 0, 0, 238, 0, 0, 0, 0, 0, 0, 0, 0, 0, 0, 0, 0, 0, 0, 0, 0, 0, 0, 0, 0, 0, 0, 0, 0, 0, 0, 0, 0, 0, 0, 0, 0, 0, 0, 0, 0, 0, 0, 0, 0, 0],
                 "height":12,
                 "id":13,
                 "name":"treasures",
                 "opacity":1,
                 "type":"tilelayer",
                 "visible":true,
                 "width":15,
                 "x":0,
                 "y":0
                }],
         "name":"Floor 3",
         "opacity":1,
         "type":"group",
         "visible":true,
         "x":0,
         "y":0
        }, 
        {
         "id":4,
         "layers":[
                {
                 "data":[15, 15, 15, 15, 15, 15, 15, 15, 15, 15, 15, 15, 15, 15, 15, 15, 25, 9, 9, 9, 9, 14, 24, 14, 9, 9, 9, 9, 25, 15, 15, 9, 9, 9, 9, 9, 14, 9, 14, 9, 9, 9, 9, 9, 15, 15, 9, 9, 9, 9, 9, 14, 9, 14, 9, 9, 9, 9, 9, 15, 15, 14, 14, 26, 14, 14, 14, 9, 14, 14, 14, 26, 14, 14, 15, 15, 9, 9, 9, 9, 9, 9, 9, 9, 9, 9, 9, 9, 9, 15, 15, 14, 14, 14, 14, 14, 14, 9, 14, 14, 14, 14, 14, 14, 15, 15, 9, 9, 9, 9, 9, 14, 9, 14, 9, 9, 9, 9, 9, 15, 15, 9, 9, 9, 9, 9, 14, 26, 14, 9, 9, 9, 9, 9, 15, 15, 9, 9, 9, 9, 9, 26, 9, 26, 9, 9, 9, 9, 9, 15, 15, 9, 9, 9, 9, 9, 14, 25, 14, 9, 9, 9, 9, 9, 15, 15, 15, 15, 15, 15, 15, 15, 15, 15, 15, 15, 15, 15, 15, 15],
                 "height":12,
                 "id":5,
                 "name":"background",
                 "opacity":1,
                 "type":"tilelayer",
                 "visible":true,
                 "width":15,
                 "x":0,
                 "y":0
                }, 
                {
                 "data":[0, 0, 0, 0, 0, 0, 0, 0, 0, 0, 0, 0, 0, 0, 0, 0, 0, 50, 0, 0, 0, 0, 0, 0, 0, 0, 0, 0, 0, 0, 0, 0, 0, 0, 0, 0, 0, 0, 0, 0, 0, 0, 0, 0, 0, 0, 0, 0, 0, 0, 0, 0, 0, 0, 0, 0, 0, 0, 0, 0, 0, 0, 0, 0, 0, 0, 0, 0, 0, 0, 0, 0, 0, 0, 0, 0, 0, 0, 0, 0, 0, 0, 0, 0, 0, 0, 0, 0, 0, 0, 0, 0, 0, 0, 0, 0, 0, 0, 0, 0, 0, 0, 0, 0, 0, 0, 0, 0, 0, 0, 0, 0, 0, 0, 0, 0, 0, 0, 0, 0, 0, 0, 0, 0, 0, 0, 0, 0, 0, 0, 0, 0, 0, 0, 0, 0, 0, 0, 0, 0, 0, 0, 0, 0, 0, 0, 0, 0, 0, 0, 0, 0, 0, 0, 0, 0, 0, 0, 0, 0, 0, 0, 0, 0, 0, 0, 0, 0, 0, 0, 0, 0, 0, 0, 0, 0, 0, 0, 0, 0],
                 "height":12,
                 "id":6,
                 "name":"npcs",
                 "opacity":1,
                 "type":"tilelayer",
                 "visible":true,
                 "width":15,
                 "x":0,
                 "y":0
                }, 
                {
                 "data":[0, 0, 0, 0, 0, 0, 0, 0, 0, 0, 0, 0, 0, 0, 0, 0, 0, 0, 0, 0, 0, 0, 0, 0, 0, 0, 0, 0, 0, 0, 0, 104, 0, 0, 0, 0, 0, 0, 0, 0, 0, 0, 0, 104, 0, 0, 0, 104, 102, 0, 0, 0, 0, 0, 0, 0, 102, 104, 0, 0, 0, 0, 0, 0, 0, 0, 0, 0, 0, 0, 0, 0, 0, 0, 0, 0, 0, 104, 104, 104, 0, 0, 0, 0, 0, 104, 104, 104, 0, 0, 0, 0, 0, 0, 0, 0, 0, 102, 0, 0, 0, 0, 0, 0, 0, 0, 0, 0, 0, 104, 0, 0, 104, 0, 0, 104, 0, 102, 0, 0, 0, 102, 104, 0, 0, 104, 0, 0, 0, 104, 0, 0, 104, 102, 0, 0, 0, 102, 104, 0, 0, 0, 104, 0, 0, 0, 0, 104, 102, 0, 0, 0, 0, 102, 0, 0, 0, 0, 0, 0, 0, 0, 102, 0, 0, 0, 0, 0, 0, 0, 0, 0, 0, 0, 0, 0, 0, 0, 0, 0],
                 "height":12,
                 "id":7,
                 "name":"enemies",
                 "opacity":1,
                 "type":"tilelayer",
                 "visible":true,
                 "width":15,
                 "x":0,
                 "y":0
                }, 
                {
                 "data":[0, 0, 0, 0, 0, 0, 0, 0, 0, 0, 0, 0, 0, 0, 0, 0, 0, 0, 0, 0, 238, 0, 0, 0, 238, 0, 0, 0, 0, 0, 0, 0, 0, 0, 0, 226, 0, 0, 0, 0, 0, 0, 226, 0, 0, 0, 238, 0, 0, 0, 0, 0, 0, 0, 0, 0, 0, 0, 238, 0, 0, 0, 0, 0, 0, 0, 0, 0, 0, 0, 0, 0, 0, 0, 0, 0, 223, 0, 0, 0, 0, 0, 0, 0, 0, 0, 0, 0, 223, 0, 0, 0, 0, 0, 0, 0, 0, 0, 0, 0, 0, 0, 0, 0, 0, 0, 227, 0, 0, 0, 223, 0, 0, 0, 239, 0, 227, 0, 235, 0, 0, 0, 0, 0, 0, 0, 0, 0, 0, 0, 0, 238, 0, 0, 0, 0, 235, 0, 0, 0, 0, 0, 0, 0, 0, 0, 238, 0, 0, 0, 0, 239, 223, 0, 0, 0, 0, 0, 0, 0, 0, 0, 0, 235, 0, 0, 0, 0, 0, 0, 0, 0, 0, 0, 0, 0, 0, 0, 0, 0],
                 "height":12,
                 "id":8,
                 "name":"treasures",
                 "opacity":1,
                 "type":"tilelayer",
                 "visible":true,
                 "width":15,
                 "x":0,
                 "y":0
                }],
         "name":"Floor 2",
         "opacity":1,
         "type":"group",
         "visible":false,
         "x":0,
         "y":0
        }, 
        {
         "id":3,
         "layers":[
                {
                 "data":[2, 2, 2, 14, 9, 9, 9, 25, 9, 9, 9, 14, 2, 2, 2, 2, 2, 2, 14, 9, 9, 9, 9, 9, 9, 9, 14, 2, 2, 2, 2, 2, 2, 14, 9, 9, 9, 9, 9, 9, 9, 14, 2, 2, 2, 2, 2, 2, 14, 9, 14, 9, 9, 9, 14, 9, 14, 2, 2, 2, 2, 2, 2, 14, 9, 14, 9, 9, 9, 14, 9, 14, 2, 2, 2, 2, 2, 2, 14, 9, 14, 9, 9, 9, 14, 24, 14, 2, 2, 2, 2, 2, 2, 14, 14, 14, 31, 31, 31, 14, 14, 14, 2, 2, 2, 2, 2, 2, 2, 2, 14, 10, 10, 10, 14, 2, 2, 2, 2, 2, 2, 2, 2, 2, 2, 14, 10, 10, 10, 14, 2, 2, 2, 2, 2, 2, 2, 2, 2, 2, 14, 10, 10, 10, 14, 2, 2, 2, 2, 2, 2, 2, 2, 2, 2, 14, 10, 10, 10, 14, 2, 2, 2, 2, 2, 2, 2, 2, 2, 2, 14, 10, 10, 10, 14, 2, 2, 2, 2, 2],
                 "height":12,
                 "id":1,
                 "name":"background",
                 "opacity":1,
                 "type":"tilelayer",
                 "visible":true,
                 "width":15,
                 "x":0,
                 "y":0
                }, 
                {
                 "data":[0, 0, 0, 0, 0, 0, 48, 0, 46, 0, 0, 0, 62, 0, 0, 0, 0, 0, 0, 0, 0, 0, 0, 0, 0, 0, 0, 0, 0, 0, 0, 0, 0, 0, 0, 0, 0, 0, 0, 0, 0, 0, 0, 0, 0, 0, 0, 0, 0, 0, 0, 0, 0, 0, 0, 0, 0, 0, 0, 0, 0, 0, 0, 0, 50, 0, 0, 0, 0, 0, 54, 0, 0, 0, 0, 0, 0, 0, 0, 0, 0, 0, 0, 0, 0, 0, 0, 0, 0, 0, 0, 0, 0, 0, 0, 0, 0, 0, 0, 0, 0, 0, 0, 0, 0, 0, 0, 0, 0, 0, 0, 0, 52, 0, 0, 0, 0, 0, 0, 0, 0, 0, 0, 0, 0, 0, 0, 0, 0, 0, 0, 0, 0, 0, 0, 0, 0, 0, 0, 0, 0, 0, 0, 0, 0, 0, 0, 0, 0, 0, 0, 0, 0, 0, 0, 0, 0, 0, 0, 0, 0, 0, 0, 0, 0, 0, 0, 0, 0, 0, 0, 0, 0, 0, 0, 0, 0, 0, 0, 0],
                 "height":12,
                 "id":2,
                 "name":"npcs",
                 "opacity":1,
                 "type":"tilelayer",
                 "visible":true,
                 "width":15,
                 "x":0,
                 "y":0
                }],
         "name":"Floor 1",
         "opacity":1,
         "type":"group",
         "visible":false,
         "x":0,
         "y":0
        }],
 "nextlayerid":68,
 "nextobjectid":1,
 "orientation":"orthogonal",
 "renderorder":"right-down",
 "tiledversion":"1.2.4",
 "tileheight":32,
 "tilesets":[
        {
         "firstgid":1,
         "source":"..\/..\/..\/..\/..\/..\/..\/Google Drive\/Android\/GameMaps\/MagicTower\/terrains.tsx"
        }, 
        {
         "firstgid":46,
         "source":"..\/..\/..\/..\/..\/..\/..\/Google Drive\/Android\/GameMaps\/MagicTower\/npcs.tsx"
        }, 
        {
         "firstgid":102,
         "source":"..\/..\/..\/..\/..\/..\/..\/Google Drive\/Android\/GameMaps\/MagicTower\/enemies.tsx"
        }, 
        {
         "firstgid":222,
         "source":"..\/..\/..\/..\/..\/..\/..\/Google Drive\/Android\/GameMaps\/MagicTower\/treasures.tsx"
        }, 
        {
         "firstgid":286,
         "source":"animates.tsx"
        }],
 "tilewidth":32,
 "type":"map",
 "version":1.2,
 "width":15
}