{"scope.version":"2","timeline.animationMode":"quickMode","viewport.width":335,"viewport.height":117,"library.openDirectories":[],"library.GroupsPath":{},"library.downloadedAssets":{},"design.zoom":1,"publish.local.location":"{fileRoot}/","publish.local.name":"about_author","publish.local.flatten":true,"publish.local.minify":false,"publish.local.inlineFiles":true,"publish.local.createZip":false,"publish.local.politeLoad":false,"publish.local.exportMozilla":false,"publish.local.exportWebkit":false,"publish.local.unpackGroups":true,"publish.local.borderColor":"rgba(0,0,0,1)","publish.local.addBorder":false,"":false}