{"scope.version":"2","timeline.animationMode":"quickMode","viewport.width":335,"viewport.height":540,"library.openDirectories":[],"library.GroupsPath":{},"library.downloadedAssets":{},"publish.local.location":"D:\\Android\\Project\\MagicTower\\app\\src\\main\\assets\\about_game\\","publish.local.name":"about_game","publish.local.flatten":true,"publish.local.minify":true,"publish.local.inlineFiles":true,"publish.local.createZip":false,"publish.local.politeLoad":false,"publish.local.exportMozilla":false,"publish.local.exportWebkit":false,"publish.local.unpackGroups":true,"publish.local.borderColor":"rgba(0,0,0,1)","publish.local.addBorder":false,"design.zoom":1.25,"tool.text.optionsState":{"fontName":"Times New Roman","fontSize":"16px","fontWeight":"normal","fontStyle":"normal","alignLeft":false,"alignCenter":false,"alignRight":false,"alignJustify":true,"verticalAlignCenter":false,"foreColor":"rgb(0, 0, 0)","tagName":"span","orderedList":false,"unorderedList":false},"viewport.recentSizes":"[{\"label\":\"\",\"displayLabel\":\"360 x 640\",\"width\":360,\"height\":640},{\"label\":\"\",\"displayLabel\":\"600 x 960\",\"width\":600,\"height\":960}]"}